{
  "swing": [
    0.033333,
    -0.01235,
    0.497222
  ],
  "boom": [
    0.030949,
    0.892745,
    1.072785
  ],
  "arm": [
    0.02915,
    2.768744,
    2.618858
  ],
  "bucket": [
    0.032427,
    2.358864,
    1.335591
  ]
}